<?xml version="1.0" encoding="UTF-8"?>
<!DOCTYPE plist PUBLIC "-//Apple//DTD PLIST 1.0//EN" "http://www.apple.com/DTDs/PropertyList-1.0.dtd">
<plist version="1.0">
<dict>
	<key>files</key>
	<dict>
		<key>version.plist</key>
		<data>
		MqKVDIf7S7m24zlqb9+nHHsBaKY=
		</data>
	</dict>
	<key>files2</key>
	<dict>
		<key>PlugIns/AirPortAtheros40.kext</key>
		<dict>
			<key>cdhash</key>
			<data>
			eVKwQEoeN61mksqZuhDn0KvcyGI=
			</data>
			<key>requirement</key>
			<string>identifier "com.apple.driver.AirPort.Atheros40" and anchor apple</string>
		</dict>
		<key>PlugIns/AirPortBrcm4331.kext</key>
		<dict>
			<key>cdhash</key>
			<data>
			J8pWlfKBeVTNRwfFKAyEokc/dG4=
			</data>
			<key>requirement</key>
			<string>identifier "com.apple.driver.AirPort.Brcm4331" and anchor apple</string>
		</dict>
		<key>PlugIns/AirPortBrcm4360.kext</key>
		<dict>
			<key>cdhash</key>
			<data>
			uMk1jvpXKmIi/yiwEccBpM1h2YA=
			</data>
			<key>requirement</key>
			<string>identifier "com.apple.driver.AirPort.Brcm4360" and anchor apple</string>
		</dict>
		<key>PlugIns/AppleAirPortBrcm43224.kext</key>
		<dict>
			<key>cdhash</key>
			<data>
			jDkJjfnsM7+1LnH7kTE+kJCIs/4=
			</data>
			<key>requirement</key>
			<string>identifier "com.apple.driver.AirPortBrcm43224" and anchor apple</string>
		</dict>
		<key>PlugIns/IO80211NetBooter.kext</key>
		<dict>
			<key>cdhash</key>
			<data>
			dPzfrOm/PYAeSPs2dNlHn8APCgs=
			</data>
			<key>requirement</key>
			<string>identifier "com.apple.driver.IO80211NetBooter" and anchor apple</string>
		</dict>
		<key>version.plist</key>
		<data>
		MqKVDIf7S7m24zlqb9+nHHsBaKY=
		</data>
	</dict>
	<key>rules</key>
	<dict>
		<key>^Resources/</key>
		<true/>
		<key>^Resources/.*\.lproj/</key>
		<dict>
			<key>optional</key>
			<true/>
			<key>weight</key>
			<real>1000</real>
		</dict>
		<key>^Resources/.*\.lproj/locversion.plist$</key>
		<dict>
			<key>omit</key>
			<true/>
			<key>weight</key>
			<real>1100</real>
		</dict>
		<key>^version.plist$</key>
		<true/>
	</dict>
	<key>rules2</key>
	<dict>
		<key>.*\.dSYM($|/)</key>
		<dict>
			<key>weight</key>
			<real>11</real>
		</dict>
		<key>^(.*/)?\.DS_Store$</key>
		<dict>
			<key>omit</key>
			<true/>
			<key>weight</key>
			<real>2000</real>
		</dict>
		<key>^(Frameworks|SharedFrameworks|PlugIns|Plug-ins|XPCServices|Helpers|MacOS|Library/(Automator|Spotlight|LoginItems))/</key>
		<dict>
			<key>nested</key>
			<true/>
			<key>weight</key>
			<real>10</real>
		</dict>
		<key>^.*</key>
		<true/>
		<key>^Info\.plist$</key>
		<dict>
			<key>omit</key>
			<true/>
			<key>weight</key>
			<real>20</real>
		</dict>
		<key>^PkgInfo$</key>
		<dict>
			<key>omit</key>
			<true/>
			<key>weight</key>
			<real>20</real>
		</dict>
		<key>^Resources/</key>
		<dict>
			<key>weight</key>
			<real>20</real>
		</dict>
		<key>^Resources/.*\.lproj/</key>
		<dict>
			<key>optional</key>
			<true/>
			<key>weight</key>
			<real>1000</real>
		</dict>
		<key>^Resources/.*\.lproj/locversion.plist$</key>
		<dict>
			<key>omit</key>
			<true/>
			<key>weight</key>
			<real>1100</real>
		</dict>
		<key>^[^/]+$</key>
		<dict>
			<key>nested</key>
			<true/>
			<key>weight</key>
			<real>10</real>
		</dict>
		<key>^embedded\.provisionprofile$</key>
		<dict>
			<key>weight</key>
			<real>20</real>
		</dict>
		<key>^version\.plist$</key>
		<dict>
			<key>weight</key>
			<real>20</real>
		</dict>
	</dict>
</dict>
</plist>
